{
  "mat_granite_mean": -0.0023817697,
  "mat_granite_max": 0.00311767865,
  "mat_stainless_mean": -0.008207877247173912,
  "mat_stainless_max": -0.00336942335,
  "mat_hardwood_mean": -0.002627477,
  "mat_hardwood_max": -0.00027597462000000003,
  "mat_tile_mean": 0.0334217875,
  "mat_tile_max": 0.036970694,
  "mat_modern_kitchen_mean": -0.00665627695,
  "mat_modern_kitchen_max": -0.000318469475,
  "mat_luxury_mean": 0.0046866720961111115,
  "mat_luxury_max": 0.0146684785,
  "mat_outdated_mean": -0.001009766,
  "mat_outdated_max": 0.0094962275,
  "mat_pool_mean": 0.007154670583611111,
  "mat_pool_max": 0.043746341,
  "mat_waterfront_mean": 0.028629911401563637,
  "mat_waterfront_max": 0.049862017499999994,
  "mat_spacious_mean": 0.0253079936125,
  "mat_spacious_max": 0.0349517055,
  "frac_interior": 0.0,
  "frac_exterior": 0.375,
  "frac_satellite": 0.0,
  "frac_ie": 1.0,
  "type_entropy": -1.000000082240371e-09,
  "n_photos_total": 1.0,
  "has_satellite": 0.0,
  "single_photo": 1.0,
  "satellite_only": 0.0,
  "sparse_listing": 1.0,
  "log_n_images": 0.6931471805599453,
  "few_photos": 1.0,
  "emb_std": 0.0
}